use concert_singer;
SET FOREIGN_KEY_CHECKS = 1;

CREATE TABLE stadium (
    Stadium_ID INT,
    Location VARCHAR(255),
    Name VARCHAR(255),
    Capacity INT,
    Highest INT,
    Lowest INT,
    Average INT,
    PRIMARY KEY (Stadium_ID)
);

CREATE TABLE singer (
    Singer_ID INT,
    Name VARCHAR(255),
    Country VARCHAR(255),
    Song_Name VARCHAR(255),
    Song_release_year VARCHAR(255),
    Age INT,
    Is_male BOOLEAN,
    PRIMARY KEY (Singer_ID)
);

CREATE TABLE concert (
    concert_ID INT,
    concert_Name VARCHAR(255),
    Theme VARCHAR(255),
    Stadium_ID INT,
    Year VARCHAR(255),
    PRIMARY KEY (concert_ID),
    FOREIGN KEY (Stadium_ID) REFERENCES stadium(Stadium_ID)
);

CREATE TABLE singer_in_concert (
    concert_ID INT,
    Singer_ID INT,
    PRIMARY KEY (concert_ID, Singer_ID),
    FOREIGN KEY (concert_ID) REFERENCES concert(concert_ID),
    FOREIGN KEY (Singer_ID) REFERENCES singer(Singer_ID)
);
INSERT INTO stadium VALUES (10, 'ILNjIGaHsm', 'HwMowFaxDxSWhWM', 12245, 8041, 4475, 7308);
INSERT INTO singer VALUES (10, 'pzWqgdMMgj', 'France', 'XcWuYPyi', '1994', 48, TRUE);
INSERT INTO concert VALUES (10, 'SqjmKSZhHyQg', 'xbCXuZnScGtdAmE', 10, '2010');
INSERT INTO singer_in_concert VALUES (10, 10);
INSERT INTO stadium VALUES (11, 'uTlNGfdNQA', 'KEbVAyPxgsaWMgD', 47451, 12537, 2503, 10328);
INSERT INTO singer VALUES (11, 'pzJCfHfrgi', 'China', 'XwSXKTOQ', '2010', 35, FALSE);
INSERT INTO concert VALUES (11, 'rFmXsDGOrnrc', 'bOKXpipDTGYUkQf', 11, '2013');
INSERT INTO singer_in_concert VALUES (11, 11);
INSERT INTO stadium VALUES (12, 'XoFKZjeRTi', 'HFRJMBNFFEyJrdf', 5033, 3825, 1085, 2182);
INSERT INTO singer VALUES (12, 'UsiYICtgPI', 'France', 'IopnAOIB', '2005', 36, TRUE);
INSERT INTO concert VALUES (12, 'XMqrChefOaYS', 'BxpnvzkGNJTFmSC', 12, '2012');
INSERT INTO singer_in_concert VALUES (12, 12);
INSERT INTO stadium VALUES (13, 'lvVPteiVcZ', 'NsyOjsQrzfqzJFD', 14653, 1345, 333, 703);
INSERT INTO singer VALUES (13, 'wYLYhFQfWn', 'China', 'wyTZUfjV', '1991', 46, FALSE);
INSERT INTO concert VALUES (13, 'XWEOmxnbysPb', 'fiVsalXbsXYrbxb', 13, '2023');
INSERT INTO singer_in_concert VALUES (13, 13);
INSERT INTO stadium VALUES (14, 'dnSPwAsAUO', 'pOgsvIKyHWqTBGd', 56648, 54315, 44193, 48022);
INSERT INTO singer VALUES (14, 'lqqosCIYGv', 'China', 'gQGcvtJu', '1998', 27, TRUE);
INSERT INTO concert VALUES (14, 'MQsXDYafhRRP', 'ksrEbiHldzXlhoy', 14, '2023');
INSERT INTO singer_in_concert VALUES (14, 14);
INSERT INTO stadium VALUES (15, 'sTtONLfuiN', 'MBEoIrjxsjwDtuz', 27248, 24417, 14108, 16320);
INSERT INTO singer VALUES (15, 'BTIFwalbDR', 'China', 'ugoMvIbn', '1991', 26, FALSE);
INSERT INTO concert VALUES (15, 'OVwwYhawGZYV', 'PAUpARExcAkQnoL', 15, '2021');
INSERT INTO singer_in_concert VALUES (15, 15);
INSERT INTO stadium VALUES (16, 'WsSitKGkza', 'bwHTYhMEpDySIWy', 34531, 33858, 28066, 28845);
INSERT INTO singer VALUES (16, 'gzrhPsemcE', 'China', 'lJUIZFbd', '2011', 60, FALSE);
INSERT INTO concert VALUES (16, 'TXRfzrtxHcVR', 'qOBskXOvzIWDAWS', 16, '2012');
INSERT INTO singer_in_concert VALUES (16, 16);
INSERT INTO stadium VALUES (17, 'sMZAvBdIRT', 'CAHuVjzcJNJYhKM', 34724, 34608, 12733, 28490);
INSERT INTO singer VALUES (17, 'XRKrnEbPgd', 'France', 'qZQvkCSg', '2019', 20, FALSE);
INSERT INTO concert VALUES (17, 'cakBQmVxWXXL', 'jdMNNYSkaXOQaFz', 17, '2012');
INSERT INTO singer_in_concert VALUES (17, 17);
INSERT INTO stadium VALUES (18, 'fzLrGLBNYS', 'IsSBXkaTIUDzWsG', 16759, 1226, 841, 1109);
INSERT INTO singer VALUES (18, 'OxsgBWdbMa', 'United States', 'UvmqEEGz', '2023', 38, FALSE);
INSERT INTO concert VALUES (18, 'tMGTBypTeBIY', 'MUFfhjQuqfkGPXO', 18, '2017');
INSERT INTO singer_in_concert VALUES (18, 18);
INSERT INTO stadium VALUES (19, 'LlVCgubwjh', 'wqINrcnOrctwUyB', 23731, 7196, 3402, 4007);
INSERT INTO singer VALUES (19, 'DerWgbxkNS', 'France', 'oPkSXcCY', '2015', 57, TRUE);
INSERT INTO concert VALUES (19, 'lhrawHCBibHj', 'CqRzEXgOikPHTCd', 19, '2022');
INSERT INTO singer_in_concert VALUES (19, 19);
INSERT INTO stadium VALUES (20, 'hxvTTFgHzr', 'lTcjDAwGhFhcoQS', 27541, 23868, 5908, 23793);
INSERT INTO singer VALUES (20, 'DZhiefbKeT', 'France', 'UyeDffdM', '2001', 30, TRUE);
INSERT INTO concert VALUES (20, 'DHdxSYEangfC', 'pDWyMrhhMeRJvTC', 20, '2017');
INSERT INTO singer_in_concert VALUES (20, 20);
INSERT INTO stadium VALUES (21, 'QjcvIYdIEw', 'aRLfHgcziAAUUXG', 41778, 14019, 1040, 11602);
INSERT INTO singer VALUES (21, 'jgxxEwKEgJ', 'United States', 'gpsqNZIk', '2016', 35, FALSE);
INSERT INTO concert VALUES (21, 'rVHHhAYVoKxw', 'VYidtnEIyZiPfah', 21, '2012');
INSERT INTO singer_in_concert VALUES (21, 21);
INSERT INTO stadium VALUES (22, 'wdLehLAriG', 'VtErdftoaJwsdiw', 54109, 46725, 17968, 36851);
INSERT INTO singer VALUES (22, 'rSsHPYMUjM', 'France', 'BxqAjgXO', '2008', 49, TRUE);
INSERT INTO concert VALUES (22, 'cSCVJWgCXPXe', 'cXotirrPhEvYJbu', 22, '2017');
INSERT INTO singer_in_concert VALUES (22, 22);
INSERT INTO stadium VALUES (23, 'lbQrVPoqJV', 'cuFEmHhmrzRdBHK', 41745, 36319, 25618, 31638);
INSERT INTO singer VALUES (23, 'fqGAmlkeMx', 'China', 'dNJhEVwr', '1994', 58, FALSE);
INSERT INTO concert VALUES (23, 'awpqylnHTuev', 'RybFyEnTRnEHBeh', 23, '2018');
INSERT INTO singer_in_concert VALUES (23, 23);
INSERT INTO stadium VALUES (24, 'YOIXWdccHA', 'cTustZboSyysQKB', 11281, 5653, 2601, 4583);
INSERT INTO singer VALUES (24, 'wgmAPNTtyl', 'United States', 'AWXuEnmZ', '2000', 47, FALSE);
INSERT INTO concert VALUES (24, 'SnAXqnViOxDV', 'YuPZaqZspibuqwg', 24, '2017');
INSERT INTO singer_in_concert VALUES (24, 24);
INSERT INTO stadium VALUES (25, 'HKcAGZBCeN', 'FduLFLwbQEZkaJc', 12142, 7989, 1948, 2315);
INSERT INTO singer VALUES (25, 'HNgQQLavVT', 'United States', 'sFPgIIeJ', '2004', 28, TRUE);
INSERT INTO concert VALUES (25, 'xIoDcIYvxuHy', 'luEkPseoIGKTgBw', 25, '2023');
INSERT INTO singer_in_concert VALUES (25, 25);
INSERT INTO stadium VALUES (26, 'BUInOfYPER', 'EkgHJyluhJNmnyP', 36064, 8623, 5634, 8407);
INSERT INTO singer VALUES (26, 'PFIbkAbwAR', 'Netherlands', 'ysXaESqK', '1991', 47, FALSE);
INSERT INTO concert VALUES (26, 'gcMCkFoFotnq', 'JrfBUwRnlTyRDJz', 26, '2023');
INSERT INTO singer_in_concert VALUES (26, 26);
INSERT INTO stadium VALUES (27, 'yInywIfrpX', 'LNQXzALKaEgSLkr', 15935, 15076, 5190, 9822);
INSERT INTO singer VALUES (27, 'qqRliTQaST', 'China', 'cGkZlwtv', '1993', 24, FALSE);
INSERT INTO concert VALUES (27, 'KzGCozEpBTUa', 'UxewqoqmBUrjgHA', 27, '2018');
INSERT INTO singer_in_concert VALUES (27, 27);
INSERT INTO stadium VALUES (28, 'DJAJrzPRcy', 'AAIQwZEIJGZZnZw', 18953, 11652, 955, 1810);
INSERT INTO singer VALUES (28, 'wZHDiRuVwj', 'United States', 'MkjAvfAX', '2002', 52, FALSE);
INSERT INTO concert VALUES (28, 'OGnXOpugjGsG', 'jQDdzNVoFdoYbJX', 28, '2011');
INSERT INTO singer_in_concert VALUES (28, 28);
INSERT INTO stadium VALUES (29, 'HHTMMpHuVN', 'vAcDtBFBSuLPOTC', 58190, 11619, 4095, 7430);
INSERT INTO singer VALUES (29, 'hyfESJvkxv', 'France', 'EnKVDxvT', '2003', 39, TRUE);
INSERT INTO concert VALUES (29, 'aeFkepFoBJEh', 'QWdtjAvnoqjxMNC', 29, '2013');
INSERT INTO singer_in_concert VALUES (29, 29);
INSERT INTO stadium VALUES (30, 'QAfgUeDSMB', 'YVqCaCxcdjuLkbL', 46877, 8283, 6927, 7263);
INSERT INTO singer VALUES (30, 'GveSTVoakx', 'France', 'idWTtcqF', '1991', 30, FALSE);
INSERT INTO concert VALUES (30, 'jLWLbXEQeEpk', 'rvyMsuzhFrtvsNr', 30, '2016');
INSERT INTO singer_in_concert VALUES (30, 30);
INSERT INTO stadium VALUES (31, 'CjOknUxJkP', 'wvkUpqRIUeuvwjM', 33067, 17947, 15361, 17454);
INSERT INTO singer VALUES (31, 'hwyjMnLfPs', 'France', 'CyVZSCOm', '2015', 41, FALSE);
INSERT INTO concert VALUES (31, 'PpRPnaTqgOaa', 'EsONXtlvMVtExQQ', 31, '2013');
INSERT INTO singer_in_concert VALUES (31, 31);
INSERT INTO stadium VALUES (32, 'LaHTLeqbpR', 'teqSFGbhnxmfmZl', 24208, 20751, 1323, 5901);
INSERT INTO singer VALUES (32, 'YlTlPMWCKk', 'China', 'svdZoikT', '2022', 51, TRUE);
INSERT INTO concert VALUES (32, 'KXyrxkMAHmkX', 'QhIeQrHnxlQBuWj', 32, '2018');
INSERT INTO singer_in_concert VALUES (32, 32);
INSERT INTO stadium VALUES (33, 'rUVekAgzLi', 'BSQMOsyhjiTFeMc', 31063, 2101, 360, 1712);
INSERT INTO singer VALUES (33, 'JGOtSCNobs', 'United States', 'AkhEbhIh', '2020', 27, TRUE);
INSERT INTO concert VALUES (33, 'DoxnAwQdAsZC', 'bOcwsmdOhFoSGQT', 33, '2016');
INSERT INTO singer_in_concert VALUES (33, 33);
INSERT INTO stadium VALUES (34, 'uZcSdESUaH', 'rBVbkttMOddjibC', 11757, 5158, 3318, 4209);
INSERT INTO singer VALUES (34, 'OhjWdnbHnV', 'Netherlands', 'whXXwJCP', '1993', 31, TRUE);
INSERT INTO concert VALUES (34, 'QnWyLFjOQQfz', 'FbqatwvZUbMFTmH', 34, '2022');
INSERT INTO singer_in_concert VALUES (34, 34);
INSERT INTO stadium VALUES (35, 'fhjtSuKUXY', 'qjTgUaYoUVgVhOe', 2091, 1336, 877, 936);
INSERT INTO singer VALUES (35, 'yNfhNDGkoX', 'United States', 'wkvaKTSW', '2019', 57, FALSE);
INSERT INTO concert VALUES (35, 'jegLResrNUnJ', 'wplEKeEzEIVsLTa', 35, '2022');
INSERT INTO singer_in_concert VALUES (35, 35);
INSERT INTO stadium VALUES (36, 'jrlQyQDsNP', 'OwTlZAWbqjOtaMN', 7987, 6815, 1114, 3370);
INSERT INTO singer VALUES (36, 'WKRmTjpVMK', 'China', 'qQtVKMGG', '2022', 49, TRUE);
INSERT INTO concert VALUES (36, 'DEYfrqwWZOZr', 'qXctHeJnSLDOQOe', 36, '2020');
INSERT INTO singer_in_concert VALUES (36, 36);
INSERT INTO stadium VALUES (37, 'sqgUagddgY', 'bSBPPjxbxWGCsIS', 15607, 2198, 880, 1041);
INSERT INTO singer VALUES (37, 'SZXYRIEJPk', 'China', 'jcpMdutp', '1997', 44, TRUE);
INSERT INTO concert VALUES (37, 'FIZYsAFcrlrw', 'ApFDxeEpKVpuUfS', 37, '2012');
INSERT INTO singer_in_concert VALUES (37, 37);
INSERT INTO stadium VALUES (38, 'hsKhoYcRVw', 'eFhDbrjYQcoNXsU', 6061, 2835, 520, 2645);
INSERT INTO singer VALUES (38, 'jmqbMXItkf', 'China', 'qfVUvHSc', '1998', 59, FALSE);
INSERT INTO concert VALUES (38, 'USznKDmroxdG', 'vcjxiPrOKJpdcoS', 38, '2019');
INSERT INTO singer_in_concert VALUES (38, 38);
INSERT INTO stadium VALUES (39, 'dCCVkuyLxG', 'UFtqMgLKSNzGrbE', 16926, 6102, 2826, 5752);
INSERT INTO singer VALUES (39, 'kKIZQpiQxW', 'United States', 'uXXAClwI', '2012', 57, FALSE);
INSERT INTO concert VALUES (39, 'lgjNSgigHION', 'HgovztzXwNkowkx', 39, '2014');
INSERT INTO singer_in_concert VALUES (39, 39);
INSERT INTO stadium VALUES (40, 'GCzpZWNwux', 'LYuiMwWuOMiQzXV', 11079, 8794, 7651, 8523);
INSERT INTO singer VALUES (40, 'SJkreDoWSS', 'China', 'fuaCXgKy', '2009', 57, FALSE);
INSERT INTO concert VALUES (40, 'tqlISQPLtpil', 'KtuJrqMTFcGCpUV', 40, '2012');
INSERT INTO singer_in_concert VALUES (40, 40);
INSERT INTO stadium VALUES (41, 'xVoeDyxdXs', 'iUjddKUNjoNeXpM', 26049, 21359, 7421, 20241);
INSERT INTO singer VALUES (41, 'zGBsgvvrYV', 'China', 'BdmQLXlm', '2021', 41, FALSE);
INSERT INTO concert VALUES (41, 'iNgTfGIoegWd', 'MLKfMrwvLpbDZpp', 41, '2021');
INSERT INTO singer_in_concert VALUES (41, 41);
INSERT INTO stadium VALUES (42, 'nUhWYIvQvS', 'PvPGZstIKKjvjsF', 45811, 3915, 3833, 3838);
INSERT INTO singer VALUES (42, 'qREUtZyTaG', 'China', 'dNtsfqXE', '2018', 41, TRUE);
INSERT INTO concert VALUES (42, 'nOsSxOeRDaIs', 'mTuyGBZmPTCvEqe', 42, '2013');
INSERT INTO singer_in_concert VALUES (42, 42);
INSERT INTO stadium VALUES (43, 'mxWpXywsXz', 'GZRXrqSlGJlWJhG', 38144, 2412, 1488, 2268);
INSERT INTO singer VALUES (43, 'MKTZDMijaJ', 'France', 'nKFrAchJ', '2022', 60, FALSE);
INSERT INTO concert VALUES (43, 'bNXwUdGgoOfi', 'xktgzUfmvfWiEEo', 43, '2011');
INSERT INTO singer_in_concert VALUES (43, 43);
INSERT INTO stadium VALUES (44, 'oIGmsXGrEk', 'xVkCLZSgsEddjsu', 18088, 15359, 7300, 10573);
INSERT INTO singer VALUES (44, 'ohfdXNpNpr', 'France', 'VsqDsgTD', '2017', 41, TRUE);
INSERT INTO concert VALUES (44, 'zapJolgbmpmh', 'PSjHPqnlTbmciBb', 44, '2011');
INSERT INTO singer_in_concert VALUES (44, 44);
INSERT INTO stadium VALUES (45, 'skNUusmWgT', 'CgzoXTSGypphDfF', 8965, 8316, 6547, 8052);
INSERT INTO singer VALUES (45, 'pRBHESvdBH', 'China', 'zWTamgTu', '2020', 25, FALSE);
INSERT INTO concert VALUES (45, 'vnIfBHqJhSKx', 'rziCifARZGWnXHS', 45, '2021');
INSERT INTO singer_in_concert VALUES (45, 45);
INSERT INTO stadium VALUES (46, 'sTYoJuEIah', 'XOaQsqgkIABuEfm', 29912, 26825, 20169, 22061);
INSERT INTO singer VALUES (46, 'QNfHbjepry', 'France', 'SKTJxCtc', '2021', 40, FALSE);
INSERT INTO concert VALUES (46, 'eEbgVgqeCvOh', 'OKaxzSkjfWrQKCq', 46, '2017');
INSERT INTO singer_in_concert VALUES (46, 46);
INSERT INTO stadium VALUES (47, 'yHOiedVYJK', 'hrTomtYPYLhuqZf', 14303, 7194, 6922, 7066);
INSERT INTO singer VALUES (47, 'CnbAhQxSIs', 'China', 'aYsymMAc', '2015', 20, FALSE);
INSERT INTO concert VALUES (47, 'BLStKIsZlmRf', 'IqEodXUeeDQUeoW', 47, '2017');
INSERT INTO singer_in_concert VALUES (47, 47);
INSERT INTO stadium VALUES (48, 'EumYFGLErg', 'OPSrEDuDowHBFIz', 2693, 2688, 1731, 2005);
INSERT INTO singer VALUES (48, 'aEBgvjImxC', 'Netherlands', 'rWMqvCnF', '2016', 25, TRUE);
INSERT INTO concert VALUES (48, 'yihjQrHYyYzP', 'TFQrtNoSabTUhse', 48, '2016');
INSERT INTO singer_in_concert VALUES (48, 48);
INSERT INTO stadium VALUES (49, 'qaISwWoBWx', 'iWazknIQamOSrfG', 39485, 38089, 24850, 27830);
INSERT INTO singer VALUES (49, 'HYMajSEhxj', 'United States', 'mczgKbhe', '1995', 29, TRUE);
INSERT INTO concert VALUES (49, 'cjDRpwqfrVya', 'bFkLXGATnxQyebP', 49, '2016');
INSERT INTO singer_in_concert VALUES (49, 49);
INSERT INTO stadium VALUES (50, 'IxapNyqZSy', 'VhjsoZRHRlUnvWO', 12401, 4581, 4579, 4579);
INSERT INTO singer VALUES (50, 'CmGUxUeaNj', 'France', 'uJCvnmHA', '2023', 58, TRUE);
INSERT INTO concert VALUES (50, 'YrmeWKBvwgBv', 'MAEtCeCalNSlgCJ', 50, '2022');
INSERT INTO singer_in_concert VALUES (50, 50);
INSERT INTO stadium VALUES (51, 'mghiXrvoha', 'YNzNcNJbhoqzgFb', 23863, 17018, 15798, 16208);
INSERT INTO singer VALUES (51, 'xzEOXhbYPT', 'China', 'hnMUaSHz', '1998', 56, FALSE);
INSERT INTO concert VALUES (51, 'ygwRzKagyVoz', 'bKDkmzwrneDnBny', 51, '2012');
INSERT INTO singer_in_concert VALUES (51, 51);
INSERT INTO stadium VALUES (52, 'ZSnJCBSUtX', 'ItODDUfpJDqlFGN', 20831, 14064, 11933, 12005);
INSERT INTO singer VALUES (52, 'ztCsSmDAGW', 'Netherlands', 'bPQoEsjd', '2014', 23, TRUE);
INSERT INTO concert VALUES (52, 'VmcAIulHRrxI', 'gISJCdwUYlJKtoa', 52, '2014');
INSERT INTO singer_in_concert VALUES (52, 52);
INSERT INTO stadium VALUES (53, 'lvmsUrmggR', 'hRuCHFrFSQYDbvE', 46977, 6282, 5670, 5819);
INSERT INTO singer VALUES (53, 'qmlExTRfXx', 'France', 'aTBzkWPC', '2004', 20, TRUE);
INSERT INTO concert VALUES (53, 'tpxsmuAZxDuy', 'GkDtgCZlGwRKrXz', 53, '2021');
INSERT INTO singer_in_concert VALUES (53, 53);
INSERT INTO stadium VALUES (54, 'VhkTQhTONN', 'hkQlfqjGYBrwwwH', 24346, 21795, 5710, 18644);
INSERT INTO singer VALUES (54, 'HemmhkpMwX', 'France', 'fbvmrBxC', '2009', 60, TRUE);
INSERT INTO concert VALUES (54, 'GWnBtNSXjXjw', 'BrZBTrxlMMpRxgd', 54, '2020');
INSERT INTO singer_in_concert VALUES (54, 54);
INSERT INTO stadium VALUES (55, 'WETSdmbvJX', 'ZMQxieKzcYTLoCu', 5803, 1777, 1574, 1725);
INSERT INTO singer VALUES (55, 'BJDchzSqCb', 'Netherlands', 'eOUfBNSS', '1992', 30, FALSE);
INSERT INTO concert VALUES (55, 'ToLYafSePsGr', 'ezmFMEwuSFuPjkq', 55, '2014');
INSERT INTO singer_in_concert VALUES (55, 55);
INSERT INTO stadium VALUES (56, 'YhjlmCTjfX', 'xlRgWmvhLyaHWEP', 24429, 8247, 7460, 8231);
INSERT INTO singer VALUES (56, 'AbSVNIeoCu', 'China', 'NdeIkdqN', '2006', 37, TRUE);
INSERT INTO concert VALUES (56, 'ltwXrdAbWTkt', 'ZdhPKYlSbdNWoUZ', 56, '2015');
INSERT INTO singer_in_concert VALUES (56, 56);
INSERT INTO stadium VALUES (57, 'WKsucKbOyb', 'bwPhsxJBADGIKGc', 16240, 8292, 1231, 1824);
INSERT INTO singer VALUES (57, 'VJqnBdbNcv', 'United States', 'OxMaUjwd', '1990', 37, TRUE);
INSERT INTO concert VALUES (57, 'crdaLbFarsGc', 'MvrnSQsYJTevfxd', 57, '2019');
INSERT INTO singer_in_concert VALUES (57, 57);
INSERT INTO stadium VALUES (58, 'CFViobLQUz', 'HoKpXhwGEEBMmQU', 14126, 2424, 2221, 2418);
INSERT INTO singer VALUES (58, 'iONdJYTEGP', 'United States', 'oDBttxoj', '2012', 29, FALSE);
INSERT INTO concert VALUES (58, 'PhHqNrEgUynw', 'ZlQJRIodeFpznih', 58, '2010');
INSERT INTO singer_in_concert VALUES (58, 58);
INSERT INTO stadium VALUES (59, 'CApJbJHCRr', 'wotBvTBiPCJzrXO', 8663, 6727, 6578, 6651);
INSERT INTO singer VALUES (59, 'CvzVdHLWHW', 'United States', 'NESKTnUK', '2022', 60, FALSE);
INSERT INTO concert VALUES (59, 'fWDPUJKKTrgp', 'vExhofrBDgVsJTm', 59, '2015');
INSERT INTO singer_in_concert VALUES (59, 59);
INSERT INTO stadium VALUES (60, 'cSEVkSmvcG', 'JhKfOPXcaQykHLQ', 57849, 5905, 4528, 5768);
INSERT INTO singer VALUES (60, 'SXoijNBnhp', 'United States', 'sDsbHbkj', '2020', 29, FALSE);
INSERT INTO concert VALUES (60, 'aoNnRIcTFEGE', 'DDNxgZhwgETYqBY', 60, '2023');
INSERT INTO singer_in_concert VALUES (60, 60);
INSERT INTO stadium VALUES (61, 'dmOZgIxBjx', 'XIddnnzmZiEMEzb', 34756, 25771, 25753, 25766);
INSERT INTO singer VALUES (61, 'RZPtzqKlPI', 'Netherlands', 'DMEQsTMC', '1998', 56, TRUE);
INSERT INTO concert VALUES (61, 'nFUDAGDJfhMZ', 'bSFwurjvWlCLkqb', 61, '2014');
INSERT INTO singer_in_concert VALUES (61, 61);
INSERT INTO stadium VALUES (62, 'lbEimvsEze', 'WAuBUKQsdPCpVON', 48966, 43277, 444, 33850);
INSERT INTO singer VALUES (62, 'HuFUeOVCoV', 'France', 'xlVyEBHE', '2021', 27, TRUE);
INSERT INTO concert VALUES (62, 'vRyVKeTTHzWi', 'kaahLgLBGnvWRMx', 62, '2011');
INSERT INTO singer_in_concert VALUES (62, 62);
INSERT INTO stadium VALUES (63, 'XOlhkcIsbf', 'EhFDKhPaGXHfFqg', 23664, 15915, 1990, 8277);
INSERT INTO singer VALUES (63, 'eXREXXwuky', 'France', 'tHWdhtvH', '2020', 51, FALSE);
INSERT INTO concert VALUES (63, 'VlnISuhQTDMv', 'AMncwWkiRkhsTnY', 63, '2021');
INSERT INTO singer_in_concert VALUES (63, 63);
INSERT INTO stadium VALUES (64, 'SSkduZMLYc', 'XQFkWmEBIYYIQqw', 4874, 2963, 228, 1597);
INSERT INTO singer VALUES (64, 'KUIJDIdRqf', 'France', 'EyCJfhxS', '2000', 41, TRUE);
INSERT INTO concert VALUES (64, 'dVYEWPERNMNY', 'piOhcwVnnKKliLJ', 64, '2014');
INSERT INTO singer_in_concert VALUES (64, 64);
INSERT INTO stadium VALUES (65, 'gewkFbZlxI', 'lHSKRJnfgzUwYrp', 36985, 30176, 9051, 26858);
INSERT INTO singer VALUES (65, 'oFiKaMjnUN', 'Netherlands', 'KVEvnVSP', '2017', 48, FALSE);
INSERT INTO concert VALUES (65, 'wvHQIDEmtOry', 'ePzjRRImaDBUXfY', 65, '2022');
INSERT INTO singer_in_concert VALUES (65, 65);
INSERT INTO stadium VALUES (66, 'cYdMVZDXEe', 'TkzckRbOtgiwaKZ', 25449, 3657, 3107, 3235);
INSERT INTO singer VALUES (66, 'FaTNhhigNS', 'France', 'HfZLJYox', '1990', 49, FALSE);
INSERT INTO concert VALUES (66, 'UdIZvqnzPCmJ', 'LdJPIfUkYUSpVsv', 66, '2022');
INSERT INTO singer_in_concert VALUES (66, 66);
INSERT INTO stadium VALUES (67, 'nUmjRPxflx', 'HhJIwEldKjySiRK', 32224, 13130, 11911, 11988);
INSERT INTO singer VALUES (67, 'UgCIprpTwG', 'United States', 'kkgDmlkT', '2010', 52, FALSE);
INSERT INTO concert VALUES (67, 'ZIdrakpGqyaK', 'WVPqDFVaTPHcXGL', 67, '2022');
INSERT INTO singer_in_concert VALUES (67, 67);
INSERT INTO stadium VALUES (68, 'HyeUrmVSmR', 'HIJJVvlaGcnQFAM', 40512, 9599, 413, 2200);
INSERT INTO singer VALUES (68, 'vgOlCujKSC', 'France', 'VCbmpuQY', '2017', 59, TRUE);
INSERT INTO concert VALUES (68, 'uxMJWvOzXpwm', 'EWOmSvBOkxRcfFt', 68, '2015');
INSERT INTO singer_in_concert VALUES (68, 68);
INSERT INTO stadium VALUES (69, 'jsAQovROGU', 'szRahvynacfQzzw', 11933, 6964, 568, 5856);
INSERT INTO singer VALUES (69, 'QFTBiPiOMx', 'France', 'VnVBaFfM', '2020', 53, TRUE);
INSERT INTO concert VALUES (69, 'vWVnPFIuDnkR', 'mmopPPOiMuSkylb', 69, '2012');
INSERT INTO singer_in_concert VALUES (69, 69);
INSERT INTO stadium VALUES (70, 'QnHzFxXCdn', 'KoNplXleeyVLour', 43333, 42873, 3971, 23208);
INSERT INTO singer VALUES (70, 'ZHaOsmeFcp', 'China', 'GgcVTOmW', '2023', 58, FALSE);
INSERT INTO concert VALUES (70, 'yQQVezLByaao', 'nkLibYWDayxNaxx', 70, '2018');
INSERT INTO singer_in_concert VALUES (70, 70);
INSERT INTO stadium VALUES (71, 'ZvBLgwlwkv', 'jmMTUNejDxwPbrg', 35894, 26477, 9872, 25883);
INSERT INTO singer VALUES (71, 'DvobvItnEf', 'United States', 'yMPEkCkO', '1996', 31, FALSE);
INSERT INTO concert VALUES (71, 'EWYjzWdXzleS', 'ndaxQunWggdszhO', 71, '2012');
INSERT INTO singer_in_concert VALUES (71, 71);
INSERT INTO stadium VALUES (72, 'qVMIptQFcc', 'ZVlFaBcEDWPmDHl', 13514, 7372, 2221, 5166);
INSERT INTO singer VALUES (72, 'YdNhHifOOO', 'France', 'facZzOzD', '2004', 45, TRUE);
INSERT INTO concert VALUES (72, 'xOFwTcNwSiuV', 'EJnnoBbOFEEDrop', 72, '2012');
INSERT INTO singer_in_concert VALUES (72, 72);
INSERT INTO stadium VALUES (73, 'afvJlymItT', 'pjUfXSzqcDAFQBW', 9527, 9202, 4709, 8203);
INSERT INTO singer VALUES (73, 'FyhXsmIwGV', 'Netherlands', 'mnWVMolZ', '2017', 29, TRUE);
INSERT INTO concert VALUES (73, 'PReHCVauhItc', 'prbRaeAjguOxdKz', 73, '2014');
INSERT INTO singer_in_concert VALUES (73, 73);
INSERT INTO stadium VALUES (74, 'mYirgaYufh', 'fhZKEfTCLOlJAeW', 12691, 9742, 9336, 9372);
INSERT INTO singer VALUES (74, 'AAtafePqbp', 'Netherlands', 'jBFssKMM', '2003', 25, FALSE);
INSERT INTO concert VALUES (74, 'kLEkWrgQSFQm', 'QYGPcCXaHCeIHJS', 74, '2012');
INSERT INTO singer_in_concert VALUES (74, 74);
INSERT INTO stadium VALUES (75, 'ZlejaqliGd', 'rNSxAdspZeiKTTt', 55208, 53164, 50953, 51858);
INSERT INTO singer VALUES (75, 'sFslZkVtbU', 'United States', 'oNxsgvjU', '2022', 39, FALSE);
INSERT INTO concert VALUES (75, 'GZTPEwkoQJPe', 'sJoZzcRsFaiploi', 75, '2017');
INSERT INTO singer_in_concert VALUES (75, 75);
INSERT INTO stadium VALUES (76, 'QotmoAHsLB', 'UlPsAjPGukNIUUV', 41254, 20932, 6140, 12347);
INSERT INTO singer VALUES (76, 'qgEJqXqihf', 'United States', 'UaDaennq', '2000', 36, FALSE);
INSERT INTO concert VALUES (76, 'RNjHoqaldNdM', 'SYlfiWcbSpbEqwe', 76, '2015');
INSERT INTO singer_in_concert VALUES (76, 76);
INSERT INTO stadium VALUES (77, 'xDzZuLXipR', 'xnxeEMCKCCqUXVS', 33767, 29521, 17411, 27005);
INSERT INTO singer VALUES (77, 'GXUtSuNoyX', 'China', 'wKVdacst', '2004', 25, FALSE);
INSERT INTO concert VALUES (77, 'VggdFYAuuLua', 'RWjngprGiyzaSvA', 77, '2022');
INSERT INTO singer_in_concert VALUES (77, 77);
INSERT INTO stadium VALUES (78, 'mlKfRfNMsJ', 'OyhLgBVcHChmCvz', 32182, 17082, 2955, 10757);
INSERT INTO singer VALUES (78, 'yzZHtvPTSX', 'France', 'bziNbmzz', '2016', 58, FALSE);
INSERT INTO concert VALUES (78, 'FxkIxEaIvZTJ', 'vzNyLbvRniNLggP', 78, '2011');
INSERT INTO singer_in_concert VALUES (78, 78);
INSERT INTO stadium VALUES (79, 'DOagzZLBVe', 'pyOYhxawkntAryK', 58717, 28500, 3476, 6829);
INSERT INTO singer VALUES (79, 'VClMPITvkE', 'China', 'CgACGLCq', '2014', 38, FALSE);
INSERT INTO concert VALUES (79, 'uCQEyzwHlQmt', 'uHbvrUQYSAMZCQt', 79, '2022');
INSERT INTO singer_in_concert VALUES (79, 79);
INSERT INTO stadium VALUES (80, 'AhLxEogKZA', 'gBTYeKZRPHYdpBQ', 28653, 23451, 17746, 18349);
INSERT INTO singer VALUES (80, 'fsiIbzwnmD', 'Netherlands', 'BvzBcUUY', '2004', 47, TRUE);
INSERT INTO concert VALUES (80, 'MTioIFwTupjH', 'XptQAGcNvBGnQUo', 80, '2016');
INSERT INTO singer_in_concert VALUES (80, 80);
INSERT INTO stadium VALUES (81, 'pNTZzmYIeA', 'sienYeuvjSKyWUG', 2579, 2144, 964, 2016);
INSERT INTO singer VALUES (81, 'bxlGEGytEo', 'France', 'jmPcqLeG', '1999', 33, FALSE);
INSERT INTO concert VALUES (81, 'OnplYzCyGRNp', 'ZVeNPzESRjKeHAZ', 81, '2020');
INSERT INTO singer_in_concert VALUES (81, 81);
INSERT INTO stadium VALUES (82, 'aepxCOBlAk', 'mDfFJoyTinDzwLW', 57731, 18544, 11567, 12345);
INSERT INTO singer VALUES (82, 'aSmdLqNyXb', 'Netherlands', 'OPoSIThb', '2002', 44, FALSE);
INSERT INTO concert VALUES (82, 'rSqwFtNTckPK', 'WDTbOLqUfUwXxyZ', 82, '2016');
INSERT INTO singer_in_concert VALUES (82, 82);
INSERT INTO stadium VALUES (83, 'FwcAdDYjau', 'UxaLrfBqbYcLDcG', 52029, 5847, 3230, 5227);
INSERT INTO singer VALUES (83, 'kunigHsDSV', 'Netherlands', 'OioRQAOV', '2021', 59, TRUE);
INSERT INTO concert VALUES (83, 'KWZqYINbQXAX', 'owYjhHXhamuAxhq', 83, '2010');
INSERT INTO singer_in_concert VALUES (83, 83);
INSERT INTO stadium VALUES (84, 'dqQhVAhiUx', 'bLhdIrnKTZjQLbw', 14368, 9663, 5300, 7457);
INSERT INTO singer VALUES (84, 'KLyWdECRXi', 'China', 'TngGBxGI', '1996', 24, TRUE);
INSERT INTO concert VALUES (84, 'dRempgaWOBNl', 'NQZXLWTOljizLqq', 84, '2020');
INSERT INTO singer_in_concert VALUES (84, 84);
INSERT INTO stadium VALUES (85, 'LAUBoOWLMZ', 'mkrjYfqYfaHmAIR', 5228, 5053, 2671, 3059);
INSERT INTO singer VALUES (85, 'NrrcGBhcDn', 'Netherlands', 'ymxJErnZ', '2006', 29, FALSE);
INSERT INTO concert VALUES (85, 'kXgbNfFetSdn', 'SOCMvehkuTSoThS', 85, '2019');
INSERT INTO singer_in_concert VALUES (85, 85);
INSERT INTO stadium VALUES (86, 'EtOzjTcNGh', 'lAmpfKtzGWyBeqK', 22443, 8715, 6856, 6882);
INSERT INTO singer VALUES (86, 'NFyQuPklLY', 'Netherlands', 'owBNJzMe', '1999', 54, TRUE);
INSERT INTO concert VALUES (86, 'gkIWDYQqDvhg', 'PpjgYRdRPbpvBkw', 86, '2011');
INSERT INTO singer_in_concert VALUES (86, 86);
INSERT INTO stadium VALUES (87, 'boRLLKOczr', 'dNudFRvFMzXdXNc', 13341, 1676, 339, 967);
INSERT INTO singer VALUES (87, 'CDrBKWBKvp', 'France', 'jaPQKsIn', '2022', 56, FALSE);
INSERT INTO concert VALUES (87, 'jWUmGqSxDmFh', 'TvHSdLZlaSVJsCj', 87, '2012');
INSERT INTO singer_in_concert VALUES (87, 87);
INSERT INTO stadium VALUES (88, 'RbNreZvEzJ', 'vUEBdXxcicsddvm', 43512, 9008, 6548, 8470);
INSERT INTO singer VALUES (88, 'VoTGWaiWrg', 'Netherlands', 'VhVWFpEA', '2002', 27, FALSE);
INSERT INTO concert VALUES (88, 'HZkLqYLvnFNe', 'uPrIVJtHDzZZThW', 88, '2017');
INSERT INTO singer_in_concert VALUES (88, 88);
INSERT INTO stadium VALUES (89, 'ZkVegCptKs', 'zDsuiknOyjjdadL', 32541, 15343, 8050, 15262);
INSERT INTO singer VALUES (89, 'sgGAhbOxak', 'Netherlands', 'ifKYaDRE', '1999', 35, FALSE);
INSERT INTO concert VALUES (89, 'OKZkNxGqjJTA', 'RUcSESCxbTmICRt', 89, '2016');
INSERT INTO singer_in_concert VALUES (89, 89);
INSERT INTO stadium VALUES (90, 'NRroVjrYEd', 'UXlPhkarPgQRRUI', 13033, 11799, 6953, 9621);
INSERT INTO singer VALUES (90, 'llDzjxpKBG', 'France', 'PHJFMTzG', '1997', 47, FALSE);
INSERT INTO concert VALUES (90, 'yQatXQzoiFcU', 'VVDzasyksYISdOY', 90, '2020');
INSERT INTO singer_in_concert VALUES (90, 90);
INSERT INTO stadium VALUES (91, 'zGuWVczAUO', 'QwMgdErdZtbVKhE', 44351, 42300, 34640, 41915);
INSERT INTO singer VALUES (91, 'RhBdpTMQoP', 'France', 'RHZMdSuh', '2010', 51, TRUE);
INSERT INTO concert VALUES (91, 'BsEkaYWLEPNJ', 'JwLrQBnxByfMMdQ', 91, '2021');
INSERT INTO singer_in_concert VALUES (91, 91);
INSERT INTO stadium VALUES (92, 'LOQYcJdOPv', 'nCmyxPCCCUQwGOe', 26147, 18268, 3860, 8099);
INSERT INTO singer VALUES (92, 'JmibKEKFsE', 'France', 'BJYNiPpu', '2000', 45, FALSE);
INSERT INTO concert VALUES (92, 'XrecBSHdpnOM', 'gVxsHBpERoVGvMM', 92, '2011');
INSERT INTO singer_in_concert VALUES (92, 92);
INSERT INTO stadium VALUES (93, 'pPSuXsxogx', 'TkjnyuTDrNwnewx', 38733, 37961, 19779, 25060);
INSERT INTO singer VALUES (93, 'dTviHjhzjz', 'France', 'QVmxrxjT', '2014', 30, FALSE);
INSERT INTO concert VALUES (93, 'SnRhKmDCGFpG', 'bXsezTyvvMFXKtc', 93, '2010');
INSERT INTO singer_in_concert VALUES (93, 93);
INSERT INTO stadium VALUES (94, 'DsIouadIHt', 'bzlleoIrDAGZlQU', 43799, 32857, 24317, 26612);
INSERT INTO singer VALUES (94, 'NlGXPYJxPS', 'United States', 'blujmeqt', '2015', 43, FALSE);
INSERT INTO concert VALUES (94, 'NdXAdsLoZPXN', 'jWhklRjZCuVXBah', 94, '2022');
INSERT INTO singer_in_concert VALUES (94, 94);
INSERT INTO stadium VALUES (95, 'efsTspThAN', 'gLMFpeDTnVneVTw', 19315, 13531, 1798, 3738);
INSERT INTO singer VALUES (95, 'cufTfolHlG', 'United States', 'MDWRnKpD', '1996', 51, FALSE);
INSERT INTO concert VALUES (95, 'QJUFUiigyfxb', 'olwllkahncuVHhJ', 95, '2017');
INSERT INTO singer_in_concert VALUES (95, 95);
INSERT INTO stadium VALUES (96, 'bPDxHNxZgN', 'aQDWwkIvKiskseD', 39658, 21148, 18116, 20363);
INSERT INTO singer VALUES (96, 'PnMfbSPcrk', 'France', 'YuKinKrI', '1990', 21, TRUE);
INSERT INTO concert VALUES (96, 'QtKqlMFnoEqu', 'wbNSgQdRHeoasVc', 96, '2019');
INSERT INTO singer_in_concert VALUES (96, 96);
INSERT INTO stadium VALUES (97, 'tijIXCKHnI', 'xKRjMRRIKxCrJdk', 6035, 2842, 741, 2639);
INSERT INTO singer VALUES (97, 'gUChPCODKp', 'United States', 'rsrWzeBz', '1991', 35, FALSE);
INSERT INTO concert VALUES (97, 'XSSADOWZcfcB', 'BOBYEihZNQauzug', 97, '2023');
INSERT INTO singer_in_concert VALUES (97, 97);
INSERT INTO stadium VALUES (98, 'UUPwjuqPMW', 'BnJQbRvneeSAGIE', 52988, 1155, 678, 1061);
INSERT INTO singer VALUES (98, 'xBEuzYHNMp', 'United States', 'LMUGZkdi', '2017', 55, TRUE);
INSERT INTO concert VALUES (98, 'GXPjxEZEjxCX', 'TumFCzWheutAsoW', 98, '2021');
INSERT INTO singer_in_concert VALUES (98, 98);
INSERT INTO stadium VALUES (99, 'CQKERaSZGO', 'aBpsUCqklqEThKC', 25058, 6868, 422, 3128);
INSERT INTO singer VALUES (99, 'alORhnzATQ', 'United States', 'SiLEaZkT', '1999', 31, FALSE);
INSERT INTO concert VALUES (99, 'QDanGRKcGoHm', 'vJlCrxddQOzOrTi', 99, '2016');
INSERT INTO singer_in_concert VALUES (99, 99);
INSERT INTO stadium VALUES (100, 'fcPGHgbyOD', 'GeQULjOggVJZkOd', 22897, 8575, 7811, 8003);
INSERT INTO singer VALUES (100, 'wyxnOmvKnq', 'France', 'sZWuAipd', '1990', 41, FALSE);
INSERT INTO concert VALUES (100, 'GEujtzXjmfAC', 'fONWYWFtczmrfeQ', 100, '2023');
INSERT INTO singer_in_concert VALUES (100, 100);
INSERT INTO stadium VALUES (101, 'zKczbokFPv', 'CyswljJaikgeSKz', 32269, 21186, 10198, 20051);
INSERT INTO singer VALUES (101, 'NkoVaumpKk', 'United States', 'OCuBYnrF', '2018', 50, TRUE);
INSERT INTO concert VALUES (101, 'lJJiGZWbeUGa', 'FHRhfHznosBMkqU', 101, '2021');
INSERT INTO singer_in_concert VALUES (101, 101);
INSERT INTO stadium VALUES (102, 'iUlvidIIEV', 'DDqIbteuQtnOgWn', 44122, 4824, 1065, 2207);
INSERT INTO singer VALUES (102, 'ihPLqRJmAm', 'United States', 'rdBPJkIx', '1992', 43, FALSE);
INSERT INTO concert VALUES (102, 'PksEfYgEBAsY', 'ZqGTALLMwviLUaG', 102, '2021');
INSERT INTO singer_in_concert VALUES (102, 102);
INSERT INTO stadium VALUES (103, 'yczargtYCr', 'XjfAWKUQGFSkMil', 47075, 20726, 2527, 14974);
INSERT INTO singer VALUES (103, 'sydoXWpilz', 'France', 'zckDfdpW', '2014', 60, FALSE);
INSERT INTO concert VALUES (103, 'UEFRtYZUMpsF', 'wjWxCRLxBNTUgrY', 103, '2013');
INSERT INTO singer_in_concert VALUES (103, 103);
INSERT INTO stadium VALUES (104, 'jyINTCzTzX', 'ZXzwFHKyWkRiXBx', 12391, 4447, 4143, 4174);
INSERT INTO singer VALUES (104, 'jbAuEPSWzJ', 'France', 'SHafyZBD', '2016', 42, TRUE);
INSERT INTO concert VALUES (104, 'AIWnitkHKXhD', 'kLVnURlEpIMAtdq', 104, '2017');
INSERT INTO singer_in_concert VALUES (104, 104);
INSERT INTO stadium VALUES (105, 'pZVuiFYGsA', 'zdDIqRIQfZPIFrD', 2470, 1803, 1100, 1692);
INSERT INTO singer VALUES (105, 'UKyibirkXm', 'China', 'JrJEdRpF', '1993', 28, FALSE);
INSERT INTO concert VALUES (105, 'SREIFXlBmmSY', 'vyIHdtXDzKXhnTF', 105, '2023');
INSERT INTO singer_in_concert VALUES (105, 105);
INSERT INTO stadium VALUES (106, 'YMNHPfHrYp', 'WURLBpmzrnHDxJZ', 58698, 35239, 19428, 26962);
INSERT INTO singer VALUES (106, 'VjhFMtAvHI', 'United States', 'NKwkpMxF', '2002', 55, TRUE);
INSERT INTO concert VALUES (106, 'OFUvguuuupEG', 'wDjOIokpkshTUjZ', 106, '2023');
INSERT INTO singer_in_concert VALUES (106, 106);
INSERT INTO stadium VALUES (107, 'GrnckUfuKz', 'PeGnZrhTRxDCbHc', 12939, 7568, 3249, 6562);
INSERT INTO singer VALUES (107, 'lErXzqcsNd', 'China', 'xjSpRldM', '2023', 60, TRUE);
INSERT INTO concert VALUES (107, 'kFScWmGmXqlu', 'xeDKcstwcQdhear', 107, '2011');
INSERT INTO singer_in_concert VALUES (107, 107);
INSERT INTO stadium VALUES (108, 'VXRhobWVsE', 'pXRWuFhQgRahZds', 25597, 16478, 1133, 1383);
INSERT INTO singer VALUES (108, 'tKoSbDFscE', 'France', 'MGtNTCcy', '2019', 31, TRUE);
INSERT INTO concert VALUES (108, 'eoFHCRcSkPht', 'QFVydoBbaShoENL', 108, '2011');
INSERT INTO singer_in_concert VALUES (108, 108);
INSERT INTO stadium VALUES (109, 'lVjpLJgvlz', 'FeleKbepVSTHDkh', 6453, 4284, 3060, 3210);
INSERT INTO singer VALUES (109, 'WiSsoEpGpW', 'China', 'BCUlLORM', '1996', 56, FALSE);
INSERT INTO concert VALUES (109, 'JJoUEPIixboV', 'cvLkevjDkmoIzPj', 109, '2014');
INSERT INTO singer_in_concert VALUES (109, 109);
INSERT INTO stadium VALUES (110, 'dfJqnThjHq', 'rOcJaKqXjCREVLW', 41701, 20175, 6162, 15592);
INSERT INTO singer VALUES (110, 'zPIIofrIju', 'France', 'ZzdWNtSC', '1992', 21, FALSE);
INSERT INTO concert VALUES (110, 'svDbxSNlWtKT', 'ZzvgDaRIcpbEkEu', 110, '2012');
INSERT INTO singer_in_concert VALUES (110, 110);
INSERT INTO stadium VALUES (111, 'ckMhPsmStJ', 'BkIXWMHkkvYNrOt', 17271, 11178, 6530, 6954);
INSERT INTO singer VALUES (111, 'PtJbHswVRO', 'France', 'WebgFoCd', '2004', 47, FALSE);
INSERT INTO concert VALUES (111, 'DfZFOPaZyVTe', 'pKHaeyYCSXwlOoG', 111, '2015');
INSERT INTO singer_in_concert VALUES (111, 111);
INSERT INTO stadium VALUES (112, 'JzVSgGDwSc', 'CkqvCNlQzaLUrzM', 23424, 6218, 980, 2959);
INSERT INTO singer VALUES (112, 'qccDavZjLH', 'Netherlands', 'zBtgWMtM', '2022', 20, TRUE);
INSERT INTO concert VALUES (112, 'RNcIMvYuVUNu', 'FzSuUEoCIkHNAEX', 112, '2015');
INSERT INTO singer_in_concert VALUES (112, 112);
INSERT INTO stadium VALUES (113, 'pFmvusyWfl', 'IzYRdDEiDqZIqKM', 2043, 1064, 721, 820);
INSERT INTO singer VALUES (113, 'AaUEoCAarY', 'United States', 'gOlTZOqH', '2005', 20, FALSE);
INSERT INTO concert VALUES (113, 'DQJNrFSecexL', 'fpKiCyQcmGEkNNQ', 113, '2012');
INSERT INTO singer_in_concert VALUES (113, 113);
INSERT INTO stadium VALUES (114, 'jipzmkpCWo', 'HkrgJDEuegThErH', 59845, 25319, 15894, 23729);
INSERT INTO singer VALUES (114, 'KHzwmkYHiU', 'Netherlands', 'rtUbsCAx', '1992', 43, FALSE);
INSERT INTO concert VALUES (114, 'wzKuvwFCbSgT', 'DFJdfZhmtPhfZwN', 114, '2019');
INSERT INTO singer_in_concert VALUES (114, 114);
INSERT INTO stadium VALUES (115, 'gUzJGvHfeJ', 'DEYYCrWNDwUBUnQ', 10198, 9165, 8815, 9052);
INSERT INTO singer VALUES (115, 'FsUrabZtxc', 'Netherlands', 'cKVgeEtM', '2007', 29, TRUE);
INSERT INTO concert VALUES (115, 'tajihmpKMWgL', 'iNEluGjdxQmzCMG', 115, '2016');
INSERT INTO singer_in_concert VALUES (115, 115);
INSERT INTO stadium VALUES (116, 'ZFRglPTzYy', 'SjGfihAUHlGipfo', 30260, 6417, 5487, 5873);
INSERT INTO singer VALUES (116, 'pdCWQhbZKU', 'France', 'moKrnpOw', '1992', 26, TRUE);
INSERT INTO concert VALUES (116, 'tYVUQqepXOHk', 'bUROMdVytPGPCcJ', 116, '2012');
INSERT INTO singer_in_concert VALUES (116, 116);
INSERT INTO stadium VALUES (117, 'RhDnRtZeej', 'cKisOKuMZKaUSEz', 18224, 9857, 5280, 5924);
INSERT INTO singer VALUES (117, 'fEhqJCeBFo', 'China', 'OvKekRMm', '1999', 34, TRUE);
INSERT INTO concert VALUES (117, 'qfTQDhSDAYKO', 'APMiNYKDtglLumP', 117, '2014');
INSERT INTO singer_in_concert VALUES (117, 117);
INSERT INTO stadium VALUES (118, 'eKVAnMioTh', 'zPDTXjJJRlsOhTj', 13344, 3076, 124, 1370);
INSERT INTO singer VALUES (118, 'lgsKKGQxMp', 'Netherlands', 'DNsXhStX', '2015', 58, FALSE);
INSERT INTO concert VALUES (118, 'iTdRintSdByy', 'homwozspPzKfXzb', 118, '2016');
INSERT INTO singer_in_concert VALUES (118, 118);
INSERT INTO stadium VALUES (119, 'XqchmtNPJQ', 'vnOQExvXUxXUBAs', 36719, 32949, 14230, 30723);
INSERT INTO singer VALUES (119, 'gagabxUkzB', 'United States', 'ghaInbCc', '2019', 34, TRUE);
INSERT INTO concert VALUES (119, 'pkguzBOawKfQ', 'mvhbLAIfdPvMTGV', 119, '2011');
INSERT INTO singer_in_concert VALUES (119, 119);
INSERT INTO stadium VALUES (120, 'ThEAVSEyIP', 'vBfyYCPHqezunmo', 58719, 3279, 818, 2529);
INSERT INTO singer VALUES (120, 'zaCwKEpGXf', 'Netherlands', 'BkIWkerX', '1997', 40, TRUE);
INSERT INTO concert VALUES (120, 'rEjNsdxiTZkC', 'UdFqbcAjcIcOAXp', 120, '2016');
INSERT INTO singer_in_concert VALUES (120, 120);
INSERT INTO stadium VALUES (121, 'ewMcoWnsYk', 'MCQeXcAaogDPutq', 53957, 39852, 32400, 36279);
INSERT INTO singer VALUES (121, 'ROftegpBUY', 'United States', 'szaDuNIP', '2015', 57, FALSE);
INSERT INTO concert VALUES (121, 'RdaEGoelaIOF', 'sCFGhimgwIyqbjg', 121, '2010');
INSERT INTO singer_in_concert VALUES (121, 121);
INSERT INTO stadium VALUES (122, 'TeZMntYPeB', 'cblNCDuUUEdrlXm', 51088, 37055, 21683, 30166);
INSERT INTO singer VALUES (122, 'tmKcLoPawf', 'France', 'ZLcAqTAF', '2008', 54, FALSE);
INSERT INTO concert VALUES (122, 'KNoKhXOTrRTa', 'GMtdMxIzNMNVxZn', 122, '2018');
INSERT INTO singer_in_concert VALUES (122, 122);
INSERT INTO stadium VALUES (123, 'vxtSitcgIk', 'uxIbXbojetZqntY', 51625, 47875, 33220, 46372);
INSERT INTO singer VALUES (123, 'wPTmChBSAk', 'Netherlands', 'wtvHHwQy', '1993', 46, FALSE);
INSERT INTO concert VALUES (123, 'hSIgUOkGImtj', 'cQsvWEiQUbNqdZM', 123, '2020');
INSERT INTO singer_in_concert VALUES (123, 123);
INSERT INTO stadium VALUES (124, 'niqQNUlNxF', 'QHQsHoGUypMaJfq', 19580, 17554, 4473, 6135);
INSERT INTO singer VALUES (124, 'gmjoBGaSQI', 'Netherlands', 'WfVVoHVm', '1993', 47, FALSE);
INSERT INTO concert VALUES (124, 'TArGAiaScOgx', 'LLEnuNmpSIBwGWF', 124, '2012');
INSERT INTO singer_in_concert VALUES (124, 124);
INSERT INTO stadium VALUES (125, 'PpigZTlpOv', 'ZwyhBQXesvFwVmo', 2647, 2606, 1404, 1952);
INSERT INTO singer VALUES (125, 'PrVIhWoVIy', 'China', 'WYNYghXT', '2006', 35, FALSE);
INSERT INTO concert VALUES (125, 'OxtlbifrtKfQ', 'FnMjUZvzjqlwvwK', 125, '2011');
INSERT INTO singer_in_concert VALUES (125, 125);
INSERT INTO stadium VALUES (126, 'wPAJhaHLEF', 'FrBeJuUgaXHuJCy', 51394, 2477, 736, 870);
INSERT INTO singer VALUES (126, 'UDxriUatIg', 'United States', 'YRwIQdnQ', '1992', 38, FALSE);
INSERT INTO concert VALUES (126, 'kYBpqhPgWsMv', 'lxpyRxTJApjdWWD', 126, '2017');
INSERT INTO singer_in_concert VALUES (126, 126);
INSERT INTO stadium VALUES (127, 'HIXRTDSxoC', 'vdxDhTuRKmCmXrf', 15558, 3743, 215, 1801);
INSERT INTO singer VALUES (127, 'POlBGdqSya', 'United States', 'mFUSkufb', '1992', 33, TRUE);
INSERT INTO concert VALUES (127, 'dwZZSvyDRZIc', 'OPnjmmRtXiwrAOP', 127, '2016');
INSERT INTO singer_in_concert VALUES (127, 127);
INSERT INTO stadium VALUES (128, 'BPytrqNxTE', 'zZZCJOpeKHZEdEd', 34809, 25225, 13826, 19086);
INSERT INTO singer VALUES (128, 'ZvogHNemXR', 'United States', 'aQjumofs', '1990', 45, TRUE);
INSERT INTO concert VALUES (128, 'PaRFqzmYuVpW', 'JShbcMaaDKfkKum', 128, '2016');
INSERT INTO singer_in_concert VALUES (128, 128);
INSERT INTO stadium VALUES (129, 'yGvuRBTrhz', 'GedyBOpTxlOSQfe', 4151, 4078, 3357, 4010);
INSERT INTO singer VALUES (129, 'JUBDEVNkBz', 'Netherlands', 'igeqNggt', '2023', 24, FALSE);
INSERT INTO concert VALUES (129, 'FrnSfNtzuZQF', 'wpOWEWTfEOaEmMs', 129, '2021');
INSERT INTO singer_in_concert VALUES (129, 129);
INSERT INTO stadium VALUES (130, 'KPtZHVasAF', 'LaiFIgOYtSpZWKv', 52424, 17434, 8396, 11095);
INSERT INTO singer VALUES (130, 'BDQlLqcDUL', 'France', 'YmXyAjcL', '2019', 53, FALSE);
INSERT INTO concert VALUES (130, 'LSyvaxOALttI', 'kiaJoFdnquCvgWW', 130, '2010');
INSERT INTO singer_in_concert VALUES (130, 130);
INSERT INTO stadium VALUES (131, 'PpSBHevPmS', 'rLQXesqYvcHAkUO', 19473, 8789, 7710, 8646);
INSERT INTO singer VALUES (131, 'fltRzBPqNd', 'Netherlands', 'IfdgLWEE', '2005', 29, TRUE);
INSERT INTO concert VALUES (131, 'AclrAFZwiELZ', 'sHympDKGCdLRuMi', 131, '2011');
INSERT INTO singer_in_concert VALUES (131, 131);
INSERT INTO stadium VALUES (132, 'dinEmnDdjL', 'UrhMAtXAmIWPOQj', 55087, 45507, 23764, 44991);
INSERT INTO singer VALUES (132, 'MRlRKfzfHp', 'United States', 'mqQmSnNt', '1996', 33, TRUE);
INSERT INTO concert VALUES (132, 'fAxmCJkySNFn', 'tqRWKrMEcSQwYwJ', 132, '2016');
INSERT INTO singer_in_concert VALUES (132, 132);
INSERT INTO stadium VALUES (133, 'ECkqDZkGFu', 'BypmcSvdSTqqnqs', 17193, 8469, 3340, 4489);
INSERT INTO singer VALUES (133, 'HFEyJdjYDV', 'France', 'OBlWLybc', '2022', 42, TRUE);
INSERT INTO concert VALUES (133, 'BOJWquPMdydC', 'dVRwjtsvZZkiNHP', 133, '2020');
INSERT INTO singer_in_concert VALUES (133, 133);
INSERT INTO stadium VALUES (134, 'AapKVnHUnQ', 'gOSPCRtTVltCKrX', 32511, 26966, 5921, 18927);
INSERT INTO singer VALUES (134, 'HzFozdRtWL', 'France', 'ToQDmDoB', '1992', 31, TRUE);
INSERT INTO concert VALUES (134, 'XxSmOvYnzjqY', 'YDsuRmHhKqWGySh', 134, '2018');
INSERT INTO singer_in_concert VALUES (134, 134);
INSERT INTO stadium VALUES (135, 'usgSHvzLJt', 'tsffPqUryQwDcIi', 26422, 14840, 773, 13399);
INSERT INTO singer VALUES (135, 'rCCZMcRxmY', 'United States', 'iwHmVvJp', '2011', 37, TRUE);
INSERT INTO concert VALUES (135, 'CwhTEHHvkwtE', 'PszqJIbzwRBJLte', 135, '2013');
INSERT INTO singer_in_concert VALUES (135, 135);
INSERT INTO stadium VALUES (136, 'cNrmswCLDK', 'uMIrzxFmPwTuMQe', 52272, 12149, 1417, 3813);
INSERT INTO singer VALUES (136, 'USJpdgRKIL', 'United States', 'CXHPjknK', '2011', 27, TRUE);
INSERT INTO concert VALUES (136, 'XBDLhnAAMFVv', 'oyYJfRSSYtNbObT', 136, '2010');
INSERT INTO singer_in_concert VALUES (136, 136);
INSERT INTO stadium VALUES (137, 'zUmcLqnToh', 'IajSkzZmGmDVmVo', 19177, 16413, 8091, 8961);
INSERT INTO singer VALUES (137, 'nmZHrdBcEg', 'France', 'PFwEQCmt', '2005', 23, FALSE);
INSERT INTO concert VALUES (137, 'KzDlBDswMoYB', 'UNKENyytRbKyGdO', 137, '2018');
INSERT INTO singer_in_concert VALUES (137, 137);
INSERT INTO stadium VALUES (138, 'HqAPRmcPLY', 'QkKjxjQhAhNBqoP', 50352, 29846, 14694, 21928);
INSERT INTO singer VALUES (138, 'lDgBGeQwuw', 'United States', 'BJqgLqrp', '2019', 49, FALSE);
INSERT INTO concert VALUES (138, 'wFLUKcXoOANl', 'tOiXMVegiumZNpx', 138, '2017');
INSERT INTO singer_in_concert VALUES (138, 138);
INSERT INTO stadium VALUES (139, 'DEznTVuPEH', 'BqFIkJXccgDDSLu', 19311, 11025, 6514, 8457);
INSERT INTO singer VALUES (139, 'zUDhfIYUUB', 'Netherlands', 'pXewTPRK', '2000', 37, FALSE);
INSERT INTO concert VALUES (139, 'mTsTsNiCINiW', 'mGClQjyOJmtazFe', 139, '2011');
INSERT INTO singer_in_concert VALUES (139, 139);
INSERT INTO stadium VALUES (140, 'lYFVUFhYbr', 'EYVFqfGCDjpJLNf', 53376, 34649, 27079, 29500);
INSERT INTO singer VALUES (140, 'frbrgEKplf', 'France', 'JeJEBuaR', '2016', 24, FALSE);
INSERT INTO concert VALUES (140, 'HrqLEIhedcwl', 'xFzxeCMTyKWucjB', 140, '2014');
INSERT INTO singer_in_concert VALUES (140, 140);
INSERT INTO stadium VALUES (141, 'TLxGFYcATq', 'hdBimWjmCxEZNoD', 50379, 17674, 1476, 14997);
INSERT INTO singer VALUES (141, 'oacYIMTmkB', 'United States', 'jLNlXZYY', '2023', 51, TRUE);
INSERT INTO concert VALUES (141, 'wzJuorJjAcMs', 'jHaYwOHRBnKRlKw', 141, '2018');
INSERT INTO singer_in_concert VALUES (141, 141);
INSERT INTO stadium VALUES (142, 'aNbcNBQvtU', 'mEQVlGBlGvctCBk', 10403, 1340, 825, 907);
INSERT INTO singer VALUES (142, 'Kuksopfcap', 'China', 'eIXLWNmR', '1994', 32, TRUE);
INSERT INTO concert VALUES (142, 'EfFbBTYgZHpW', 'nxzTXwEdizMCMoQ', 142, '2015');
INSERT INTO singer_in_concert VALUES (142, 142);
INSERT INTO stadium VALUES (143, 'OPdUDMTNWv', 'DwyPLeWdkUeFPqJ', 15514, 10556, 7134, 8399);
INSERT INTO singer VALUES (143, 'OadMDeMseR', 'Netherlands', 'MIOCrMUh', '1994', 51, FALSE);
INSERT INTO concert VALUES (143, 'QghENxclulUr', 'GIeWcblBtkFYMvU', 143, '2017');
INSERT INTO singer_in_concert VALUES (143, 143);
INSERT INTO stadium VALUES (144, 'tvZiuWqdYs', 'TghOJnIQMNazmsZ', 10389, 3073, 830, 2880);
INSERT INTO singer VALUES (144, 'zCyPepTxrJ', 'Netherlands', 'spbEYaIW', '2010', 42, TRUE);
INSERT INTO concert VALUES (144, 'qzPdMHhwmHOw', 'hPLXcBMnXkvvpgE', 144, '2016');
INSERT INTO singer_in_concert VALUES (144, 144);
INSERT INTO stadium VALUES (145, 'MFCSilaAva', 'HMGcUPiNMyOyJHx', 39783, 38233, 24338, 35079);
INSERT INTO singer VALUES (145, 'CTuXXUAqUK', 'Netherlands', 'ZYxKVkgK', '2019', 25, FALSE);
INSERT INTO concert VALUES (145, 'RpFiasPIVFLg', 'ZeJOuHjKChqpSTh', 145, '2010');
INSERT INTO singer_in_concert VALUES (145, 145);
INSERT INTO stadium VALUES (146, 'etRfUJkIAm', 'XEUlKwkxrollqps', 58368, 23803, 9411, 12452);
INSERT INTO singer VALUES (146, 'YUlcVNafum', 'United States', 'gPMsJasv', '2010', 37, FALSE);
INSERT INTO concert VALUES (146, 'SDboBUPXjmku', 'eAFXXhEhHvvJPKC', 146, '2021');
INSERT INTO singer_in_concert VALUES (146, 146);
INSERT INTO stadium VALUES (147, 'yZwWZftvFo', 'DuZcDSOSDTRmyAB', 49191, 44361, 11640, 39654);
INSERT INTO singer VALUES (147, 'bgfVGmqDXU', 'United States', 'BBCNVmYY', '2004', 45, TRUE);
INSERT INTO concert VALUES (147, 'ntjUFELGgjXc', 'VvNGygLRfVfzptW', 147, '2012');
INSERT INTO singer_in_concert VALUES (147, 147);
INSERT INTO stadium VALUES (148, 'AjWoJVzxDV', 'nVhwDILWfhqpCcT', 10340, 8119, 4157, 7314);
INSERT INTO singer VALUES (148, 'YhBzEAoYQz', 'France', 'biyLNVzK', '1994', 40, FALSE);
INSERT INTO concert VALUES (148, 'KSSZIdqFAnMf', 'qKZJauTlRodkSKH', 148, '2014');
INSERT INTO singer_in_concert VALUES (148, 148);
INSERT INTO stadium VALUES (149, 'FHWtMUryMn', 'HAmhTGANOGLITYk', 2763, 2194, 1578, 2039);
INSERT INTO singer VALUES (149, 'UXKAqGzLZV', 'China', 'eVSVPlDU', '2022', 32, FALSE);
INSERT INTO concert VALUES (149, 'GauvthvYGFsg', 'WWnblAZcsKywVLd', 149, '2012');
INSERT INTO singer_in_concert VALUES (149, 149);
INSERT INTO stadium VALUES (150, 'jUhZBQiVAk', 'TdFAcsoVAGWaLYw', 35403, 12259, 5383, 7336);
INSERT INTO singer VALUES (150, 'UjxdvGtBDB', 'China', 'IDCmrqbF', '2010', 46, FALSE);
INSERT INTO concert VALUES (150, 'TvzEKsRiTBoh', 'eXXqbiVnCcoYBlf', 150, '2010');
INSERT INTO singer_in_concert VALUES (150, 150);
INSERT INTO stadium VALUES (151, 'UhLGhSpGcU', 'gmozOHSqZkYAkoU', 13192, 10834, 9122, 9495);
INSERT INTO singer VALUES (151, 'ATuEjRaWbG', 'China', 'UAnNqAhQ', '1998', 49, FALSE);
INSERT INTO concert VALUES (151, 'gUCZqtNlqUTN', 'DPMSmBqqSGgyDyP', 151, '2015');
INSERT INTO singer_in_concert VALUES (151, 151);
INSERT INTO stadium VALUES (152, 'jevXPTghnK', 'EntUmRZYoaLyplF', 33206, 8254, 2484, 4384);
INSERT INTO singer VALUES (152, 'KXFTUGwCCv', 'France', 'WcGuKznH', '2012', 33, TRUE);
INSERT INTO concert VALUES (152, 'yiMCTkkebrVa', 'TMjHEHPSMjIVVls', 152, '2015');
INSERT INTO singer_in_concert VALUES (152, 152);
INSERT INTO stadium VALUES (153, 'KjSftmhPGA', 'pVXxZVuPvyMnitT', 28320, 3697, 895, 3590);
INSERT INTO singer VALUES (153, 'ZaJPGEzQkw', 'Netherlands', 'eSVbmIeK', '1992', 22, TRUE);
INSERT INTO concert VALUES (153, 'JselrXpOunIM', 'CfTFAfQAOqjNvrh', 153, '2020');
INSERT INTO singer_in_concert VALUES (153, 153);
INSERT INTO stadium VALUES (154, 'OreaTzWwxK', 'svDMIHTuywqYRtV', 48016, 18345, 12801, 17124);
INSERT INTO singer VALUES (154, 'GoPWyHyJSN', 'China', 'eFsvomAY', '2009', 44, TRUE);
INSERT INTO concert VALUES (154, 'auWedftSHwhk', 'TnPUTzYaxpdLohq', 154, '2011');
INSERT INTO singer_in_concert VALUES (154, 154);
INSERT INTO stadium VALUES (155, 'XhftyCKRnz', 'wSYJZQtaXpGNuXE', 41223, 6174, 3515, 4975);
INSERT INTO singer VALUES (155, 'vgmectwzkC', 'Netherlands', 'hgNuzQSc', '2020', 42, FALSE);
INSERT INTO concert VALUES (155, 'lpZUwRihfZNx', 'IBOZyMQRrdQDIFW', 155, '2023');
INSERT INTO singer_in_concert VALUES (155, 155);
INSERT INTO stadium VALUES (156, 'KcMNuELsJJ', 'rjMejHQPxIgnVHI', 56783, 28072, 10474, 22414);
INSERT INTO singer VALUES (156, 'XlSmElytjS', 'Netherlands', 'XxTcXlCC', '2011', 49, FALSE);
INSERT INTO concert VALUES (156, 'pxkNdAlvqZmG', 'UwwIWXvGCNnxnHx', 156, '2020');
INSERT INTO singer_in_concert VALUES (156, 156);
INSERT INTO stadium VALUES (157, 'POsdqzosqN', 'qFwUmQnzhEVSIhk', 9023, 6791, 1986, 3799);
INSERT INTO singer VALUES (157, 'WuqqbwhSxe', 'France', 'siJxYvMQ', '2002', 37, TRUE);
INSERT INTO concert VALUES (157, 'ndeYPLnJAYug', 'vylqyjNtsaivboX', 157, '2018');
INSERT INTO singer_in_concert VALUES (157, 157);
INSERT INTO stadium VALUES (158, 'ULFjNPTQYe', 'GdoLqrOkACIkcbg', 21571, 4862, 2860, 3336);
INSERT INTO singer VALUES (158, 'AcRmyVYwGP', 'United States', 'XCuMpHYX', '1999', 24, TRUE);
INSERT INTO concert VALUES (158, 'rLsfITFjnXDi', 'ALyaghlhdcJDwgT', 158, '2013');
INSERT INTO singer_in_concert VALUES (158, 158);
INSERT INTO stadium VALUES (159, 'bxyKpCJrAv', 'eWGLDfRKBWrqrwp', 2000, 1670, 1621, 1650);
INSERT INTO singer VALUES (159, 'upwnJKeXuv', 'China', 'EAiMLTOk', '2016', 41, TRUE);
INSERT INTO concert VALUES (159, 'dpumtkpbdzjV', 'zURvoZMXyYYvCbw', 159, '2016');
INSERT INTO singer_in_concert VALUES (159, 159);
INSERT INTO stadium VALUES (160, 'hRlrPfDKee', 'BIidsylhYiCqqhm', 32675, 19646, 10436, 11555);
INSERT INTO singer VALUES (160, 'SBYhKAewNW', 'China', 'lnvRbpUx', '2021', 24, TRUE);
INSERT INTO concert VALUES (160, 'zxSFmvBQeAJp', 'wdPjpQYMMxNlgCp', 160, '2010');
INSERT INTO singer_in_concert VALUES (160, 160);
INSERT INTO stadium VALUES (161, 'ofXKunWTEs', 'ukaWomLGMbdILQQ', 35437, 12781, 5034, 7616);
INSERT INTO singer VALUES (161, 'jipIPkVSEM', 'France', 'qMDithee', '2010', 46, FALSE);
INSERT INTO concert VALUES (161, 'sbdxzekAqAep', 'qkoMvLHMIdBFzMy', 161, '2019');
INSERT INTO singer_in_concert VALUES (161, 161);
INSERT INTO stadium VALUES (162, 'bRpqxeRzdz', 'LzHezGUUGyBEbAh', 29691, 22652, 16788, 17804);
INSERT INTO singer VALUES (162, 'wqNUKuZQLj', 'China', 'EzzrOEdu', '2009', 57, TRUE);
INSERT INTO concert VALUES (162, 'jlxMdBUtKTER', 'InahkpyQXRhyGIp', 162, '2022');
INSERT INTO singer_in_concert VALUES (162, 162);
INSERT INTO stadium VALUES (163, 'mteFREgVKA', 'gluXeYfbIGbMFUb', 3016, 1957, 890, 1081);
INSERT INTO singer VALUES (163, 'MUojvegoeb', 'Netherlands', 'GjvQazkC', '2010', 45, TRUE);
INSERT INTO concert VALUES (163, 'AbLfqzzSHteb', 'NknQKupgWcHNZIo', 163, '2019');
INSERT INTO singer_in_concert VALUES (163, 163);
INSERT INTO stadium VALUES (164, 'LAGjVLEPcK', 'aBKpGNfoLuwBvmW', 21501, 13518, 11808, 13371);
INSERT INTO singer VALUES (164, 'PHlUUvEAlN', 'France', 'PxyARraO', '2000', 28, FALSE);
INSERT INTO concert VALUES (164, 'jAXDxQwoTMNk', 'JZxDJQInwvEZoZz', 164, '2014');
INSERT INTO singer_in_concert VALUES (164, 164);
INSERT INTO stadium VALUES (165, 'McCRKatIbd', 'vacukbXehffVQII', 49549, 27818, 9666, 23557);
INSERT INTO singer VALUES (165, 'LHGbyOLPpl', 'United States', 'VwXmdpGP', '2000', 51, TRUE);
INSERT INTO concert VALUES (165, 'VJpmmZUKagMG', 'TSXwVatizeRcWgE', 165, '2012');
INSERT INTO singer_in_concert VALUES (165, 165);
INSERT INTO stadium VALUES (166, 'vuwpAqnnzR', 'UDmLyNSskOivMEe', 49030, 5474, 1263, 4890);
INSERT INTO singer VALUES (166, 'MEpYQGcTOx', 'France', 'klQiVcHC', '2014', 22, TRUE);
INSERT INTO concert VALUES (166, 'yLDVMWcuwwoX', 'llaLZHbRyNHayUe', 166, '2014');
INSERT INTO singer_in_concert VALUES (166, 166);
INSERT INTO stadium VALUES (167, 'kwpRVVmshX', 'wgGzKGgJkkCJBbx', 42695, 27637, 1459, 14078);
INSERT INTO singer VALUES (167, 'ZdDawuvmmC', 'China', 'arhKugEu', '2009', 58, FALSE);
INSERT INTO concert VALUES (167, 'RjwprxKJCija', 'ImfeGZCauEUejjh', 167, '2019');
INSERT INTO singer_in_concert VALUES (167, 167);
INSERT INTO stadium VALUES (168, 'MFmbTDkEIA', 'wvzZxlODxQKgwQl', 26082, 5424, 2437, 5041);
INSERT INTO singer VALUES (168, 'SvVQrrcYzW', 'Netherlands', 'VuNZEhdX', '2013', 23, TRUE);
INSERT INTO concert VALUES (168, 'khUBUFkxoenM', 'uvUSiosUSRPaMLt', 168, '2013');
INSERT INTO singer_in_concert VALUES (168, 168);
INSERT INTO stadium VALUES (169, 'OIMKQDVeMm', 'MiVkcgXElWpBCIk', 43164, 39616, 10367, 26937);
INSERT INTO singer VALUES (169, 'WOKaeWglhs', 'China', 'vWzncvAG', '1992', 37, FALSE);
INSERT INTO concert VALUES (169, 'QxMcTZpkTnbW', 'hQblXAHpUzbwLiB', 169, '2014');
INSERT INTO singer_in_concert VALUES (169, 169);
INSERT INTO stadium VALUES (170, 'VAvhYrYBMg', 'qAWbsXbSUiqmgUR', 7297, 3476, 187, 1315);
INSERT INTO singer VALUES (170, 'kSpcCWnBUL', 'United States', 'RpzBiBdn', '1999', 28, TRUE);
INSERT INTO concert VALUES (170, 'yVdbxnMztOiq', 'sSdJEuzRkqjosqC', 170, '2014');
INSERT INTO singer_in_concert VALUES (170, 170);
INSERT INTO stadium VALUES (171, 'uRJgVHtTLX', 'HhkrWFLXrWWxOTU', 29233, 24459, 3511, 19335);
INSERT INTO singer VALUES (171, 'cFolnpUaHa', 'Netherlands', 'CSeFbITt', '2013', 36, FALSE);
INSERT INTO concert VALUES (171, 'ggCdNOPdZgKK', 'dxvTVPuOFnURlpR', 171, '2018');
INSERT INTO singer_in_concert VALUES (171, 171);
INSERT INTO stadium VALUES (172, 'sUprnImIlz', 'lXDrRAssnEbiowt', 38036, 36203, 28322, 31875);
INSERT INTO singer VALUES (172, 'cuJRoROoRn', 'France', 'CKfElMHu', '2019', 40, FALSE);
INSERT INTO concert VALUES (172, 'bZVLyprZyiCG', 'kAbEVjnRsFMmWkq', 172, '2022');
INSERT INTO singer_in_concert VALUES (172, 172);
INSERT INTO stadium VALUES (173, 'ZwlARoRQqy', 'UMQkzUkMAvXrwze', 23892, 22240, 1001, 14793);
INSERT INTO singer VALUES (173, 'ZiNYApTOFt', 'Netherlands', 'QrWZzgWB', '2000', 54, TRUE);
INSERT INTO concert VALUES (173, 'ZFqiwvGTMOmi', 'rZPwDKCDIDhYqhQ', 173, '2014');
INSERT INTO singer_in_concert VALUES (173, 173);
INSERT INTO stadium VALUES (174, 'RfdRXyIiUY', 'azuChljbjVzKPAj', 15169, 8429, 6458, 7136);
INSERT INTO singer VALUES (174, 'JPBceFTmDo', 'Netherlands', 'zSUItOVs', '1990', 32, TRUE);
INSERT INTO concert VALUES (174, 'QnqHwyNZFnLp', 'XnpUhOsYHnQSvMu', 174, '2023');
INSERT INTO singer_in_concert VALUES (174, 174);
INSERT INTO stadium VALUES (175, 'NfKzRhnwqk', 'aVHeFgUayVRijCT', 40216, 22496, 5882, 11644);
INSERT INTO singer VALUES (175, 'EqEqaVQelx', 'China', 'CcFnTIca', '1999', 40, TRUE);
INSERT INTO concert VALUES (175, 'MLjrErdZQzuX', 'wwuhrLZybfLHhyO', 175, '2022');
INSERT INTO singer_in_concert VALUES (175, 175);
INSERT INTO stadium VALUES (176, 'NgSKhADIqh', 'NIjKmLrUqWGfKwf', 35241, 2357, 2123, 2148);
INSERT INTO singer VALUES (176, 'xwfhNeBXTh', 'China', 'JcmzmlLh', '1994', 29, FALSE);
INSERT INTO concert VALUES (176, 'AeKGfCqQokqZ', 'KiHbCzJweUsdJDo', 176, '2015');
INSERT INTO singer_in_concert VALUES (176, 176);
INSERT INTO stadium VALUES (177, 'mBxwcbzyvn', 'oGEMIHCcTIbNqQM', 27794, 25827, 10266, 23596);
INSERT INTO singer VALUES (177, 'dXbiMSKCyo', 'United States', 'RViOlfIn', '1999', 59, TRUE);
INSERT INTO concert VALUES (177, 'ykHCcDzQTdEB', 'eoZkiulJjrbCdhJ', 177, '2011');
INSERT INTO singer_in_concert VALUES (177, 177);
INSERT INTO stadium VALUES (178, 'hLRHWyaNLs', 'RSommAoCaCvdCyE', 52991, 38457, 31510, 33021);
INSERT INTO singer VALUES (178, 'BteRUySRPi', 'Netherlands', 'dosBCWdZ', '2011', 50, FALSE);
INSERT INTO concert VALUES (178, 'HqlJRKYDbJrl', 'diwnhfOVjpOiWqB', 178, '2014');
INSERT INTO singer_in_concert VALUES (178, 178);
INSERT INTO stadium VALUES (179, 'QFbloPIEkY', 'xGhSxhesozujTlP', 47617, 24689, 12524, 12782);
INSERT INTO singer VALUES (179, 'ivjhqhiyJA', 'United States', 'JpGWZhJi', '1993', 45, TRUE);
INSERT INTO concert VALUES (179, 'YtCxzXZXJUjE', 'mlkvSnFSjlEMRLB', 179, '2018');
INSERT INTO singer_in_concert VALUES (179, 179);
INSERT INTO stadium VALUES (180, 'KbmgCuHoLC', 'DIsjYWNOvMPeIyh', 29954, 10201, 7541, 8474);
INSERT INTO singer VALUES (180, 'UQWNNAUHVO', 'France', 'NazVEXdZ', '1995', 54, TRUE);
INSERT INTO concert VALUES (180, 'iyLgVfpUXAMo', 'UgEIDdPzBeXQgtL', 180, '2020');
INSERT INTO singer_in_concert VALUES (180, 180);
INSERT INTO stadium VALUES (181, 'cqgExiEOrU', 'UoFVNQcgajqSxBC', 30340, 27879, 27262, 27556);
INSERT INTO singer VALUES (181, 'YXfyPVOELT', 'United States', 'skPhmADG', '1996', 39, TRUE);
INSERT INTO concert VALUES (181, 'GRGQEokEbRts', 'mhYlIrbacTCShgW', 181, '2012');
INSERT INTO singer_in_concert VALUES (181, 181);
INSERT INTO stadium VALUES (182, 'PRSVlIFhtN', 'WrmBTSigRYQmWis', 29413, 13585, 10987, 11349);
INSERT INTO singer VALUES (182, 'aOsplhJOzg', 'Netherlands', 'BUHNqHxa', '2008', 58, FALSE);
INSERT INTO concert VALUES (182, 'kTemLMogRYBo', 'IGKekQMkUvZLirn', 182, '2010');
INSERT INTO singer_in_concert VALUES (182, 182);
INSERT INTO stadium VALUES (183, 'XBSedjOcMY', 'ZsscFqACGJctQOV', 9406, 1664, 1296, 1576);
INSERT INTO singer VALUES (183, 'ZqtVewtpoT', 'Netherlands', 'umsquFBi', '1998', 32, TRUE);
INSERT INTO concert VALUES (183, 'YxmJNLMwfTkd', 'fusFmcaQpzCqNNd', 183, '2020');
INSERT INTO singer_in_concert VALUES (183, 183);
INSERT INTO stadium VALUES (184, 'NRFzgALUNL', 'dFENGIIYmJTYwkg', 33914, 9599, 8316, 9332);
INSERT INTO singer VALUES (184, 'OPUVeoZqup', 'Netherlands', 'EUSGywir', '2023', 49, TRUE);
INSERT INTO concert VALUES (184, 'hIMqgLgFnorh', 'piawQXDNWTspgaz', 184, '2015');
INSERT INTO singer_in_concert VALUES (184, 184);
INSERT INTO stadium VALUES (185, 'ronKWUTAAC', 'PfsWpebZAjGVKmD', 28062, 6865, 2927, 6458);
INSERT INTO singer VALUES (185, 'MimDRVVNwR', 'China', 'SswkZSxP', '1998', 50, FALSE);
INSERT INTO concert VALUES (185, 'WKfdfTDDlrSi', 'OYhnsqMlMeZGPRZ', 185, '2010');
INSERT INTO singer_in_concert VALUES (185, 185);
INSERT INTO stadium VALUES (186, 'ISxwJeGlBK', 'aoEGgeBOUwYjhzj', 54130, 48214, 22035, 24324);
INSERT INTO singer VALUES (186, 'dJdqfuyTKe', 'Netherlands', 'IrOmutwz', '2004', 32, TRUE);
INSERT INTO concert VALUES (186, 'aylOUKUoTHzV', 'tEkDbJxgPYuMKka', 186, '2015');
INSERT INTO singer_in_concert VALUES (186, 186);
INSERT INTO stadium VALUES (187, 'pYWgHqeGuZ', 'MrynHdDLePeIBUR', 27863, 20513, 7208, 12012);
INSERT INTO singer VALUES (187, 'GeTkmQCixq', 'France', 'NXhmUKKd', '1995', 41, FALSE);
INSERT INTO concert VALUES (187, 'argTMdHrYMqM', 'pjtvhTrekqVTOlZ', 187, '2022');
INSERT INTO singer_in_concert VALUES (187, 187);
INSERT INTO stadium VALUES (188, 'oLmzkEDTTi', 'wwbrcvGNHqaZVZA', 44899, 6829, 3549, 4198);
INSERT INTO singer VALUES (188, 'msVZymFzWt', 'United States', 'sLjLCHuJ', '2000', 26, TRUE);
INSERT INTO concert VALUES (188, 'zrQvzvhVhSaO', 'sRmTFtKYJfmsQqM', 188, '2019');
INSERT INTO singer_in_concert VALUES (188, 188);
INSERT INTO stadium VALUES (189, 'tEtUgWfyhb', 'DMYAQirNqwcWhlR', 3683, 1471, 1364, 1462);
INSERT INTO singer VALUES (189, 'LjeGkvSpJP', 'China', 'ottCkSvZ', '2020', 30, TRUE);
INSERT INTO concert VALUES (189, 'pgUnGOSMalQD', 'RAhpppSDSWvfkst', 189, '2010');
INSERT INTO singer_in_concert VALUES (189, 189);
INSERT INTO stadium VALUES (190, 'eZnFupAQbf', 'phvCLSsKPSyDFCo', 5405, 4281, 1403, 2290);
INSERT INTO singer VALUES (190, 'whqJtKjimu', 'China', 'eawhioCE', '2005', 52, TRUE);
INSERT INTO concert VALUES (190, 'jivdwRBejbYw', 'FRswEtnqiWVqcoZ', 190, '2023');
INSERT INTO singer_in_concert VALUES (190, 190);
INSERT INTO stadium VALUES (191, 'bfzbxTlJFy', 'olMNpQQzwnpzVBG', 4041, 3697, 527, 2229);
INSERT INTO singer VALUES (191, 'eoozIWKtce', 'Netherlands', 'JtTizKHY', '1997', 35, FALSE);
INSERT INTO concert VALUES (191, 'MwVwCfCzMcOz', 'PjCcFRQlWeCByOV', 191, '2020');
INSERT INTO singer_in_concert VALUES (191, 191);
INSERT INTO stadium VALUES (192, 'LMYXNtBnAN', 'mzBtpiQMGAtwOss', 40227, 22086, 14191, 19973);
INSERT INTO singer VALUES (192, 'aZMWQuMbvm', 'Netherlands', 'HbpAZeJl', '2021', 35, TRUE);
INSERT INTO concert VALUES (192, 'iaJRHmQesOkd', 'FqFDkZIlolUFAmm', 192, '2014');
INSERT INTO singer_in_concert VALUES (192, 192);
INSERT INTO stadium VALUES (193, 'BwZcVjnHIb', 'HLnVQxSeffThsKN', 35515, 24429, 5997, 8117);
INSERT INTO singer VALUES (193, 'LDNitqiEpC', 'China', 'nhpizsZf', '2004', 36, FALSE);
INSERT INTO concert VALUES (193, 'kPjaneBwTqwC', 'eLiZSAojtfaVQzu', 193, '2012');
INSERT INTO singer_in_concert VALUES (193, 193);
INSERT INTO stadium VALUES (194, 'BNpgzpeWWg', 'DqxCLyZFeIrekFg', 8405, 6886, 640, 4871);
INSERT INTO singer VALUES (194, 'BofCkrwDAd', 'United States', 'nLrXeshc', '1996', 29, TRUE);
INSERT INTO concert VALUES (194, 'LraLIbiduoGA', 'fpsPdgeoXiCuLMb', 194, '2021');
INSERT INTO singer_in_concert VALUES (194, 194);
INSERT INTO stadium VALUES (195, 'HVALJLOylX', 'zjtsYsTDUQcoXsp', 43622, 41063, 28656, 29274);
INSERT INTO singer VALUES (195, 'GyUpkdXhcT', 'Netherlands', 'rDUNPvIu', '2004', 33, TRUE);
INSERT INTO concert VALUES (195, 'IywpNsxYBPMp', 'AGuPuMutePKYhLK', 195, '2018');
INSERT INTO singer_in_concert VALUES (195, 195);
INSERT INTO stadium VALUES (196, 'CwMZLpMfZl', 'jVazXdLOSzGeYMn', 30065, 24454, 2884, 13679);
INSERT INTO singer VALUES (196, 'wCHRPuPWYK', 'China', 'fJlHIIEB', '2016', 45, TRUE);
INSERT INTO concert VALUES (196, 'sVrSjVLqLBoq', 'kIvIPUGnGxDxMWu', 196, '2016');
INSERT INTO singer_in_concert VALUES (196, 196);
INSERT INTO stadium VALUES (197, 'CJgBUfLVZH', 'wawDQwcdEnKgOJm', 13356, 12349, 4715, 8021);
INSERT INTO singer VALUES (197, 'JFWeFyrEnM', 'United States', 'SkWgAEtK', '2021', 38, TRUE);
INSERT INTO concert VALUES (197, 'ETwrUdevwRdI', 'xHPebuuZbVeuveK', 197, '2022');
INSERT INTO singer_in_concert VALUES (197, 197);
INSERT INTO stadium VALUES (198, 'PSBIzsUdue', 'QwBRKgbuUXITxmD', 39156, 33852, 3132, 20865);
INSERT INTO singer VALUES (198, 'gXsggthGOY', 'France', 'wzigSnQG', '2015', 39, TRUE);
INSERT INTO concert VALUES (198, 'hPvwvuLasEnw', 'GuWeBsWNtHTyUIG', 198, '2020');
INSERT INTO singer_in_concert VALUES (198, 198);
INSERT INTO stadium VALUES (199, 'JgsFTJwwZN', 'GYkMpwVbBcCHXbw', 40966, 1933, 711, 916);
INSERT INTO singer VALUES (199, 'wMQHxyjyGB', 'China', 'FWTbJhVM', '2007', 43, FALSE);
INSERT INTO concert VALUES (199, 'RhbCZrForDqQ', 'oGAJiEoNDZGBxrl', 199, '2015');
INSERT INTO singer_in_concert VALUES (199, 199);
